HTC Desire A8181,500  ₽,Саларьево,https://www.avito.ru/moskva/telefony/htc_desire_a8181_1890789012
HTC one m7 32 gb,2 500  ₽,Саларьево,https://www.avito.ru/moskva/telefony/htc_one_m7_32_gb_1890194128
HTC U Play,6 000  ₽,Войковская,https://www.avito.ru/moskva/telefony/htc_u_play_1876394107
Телефон Htc One,1 000  ₽,Тушинская,https://www.avito.ru/moskva/telefony/telefon_htc_one_1914169253
Телефон HTC,1 200  ₽,Бауманская,https://www.avito.ru/moskva/telefony/telefon_htc_1899460232
HTC Titan,2 000  ₽,Бульвар адмирала Ушакова,https://www.avito.ru/moskva/telefony/htc_titan_1804785408
Телефон HTC T510,4 000  ₽,Шоссе Энтузиастов,https://www.avito.ru/moskva/telefony/telefon_htc_t510_1586794447
"HTC Desire 210 2 симки, состояние нового телефона",2 000  ₽,Рязанский проспект,https://www.avito.ru/moskva/telefony/htc_desire_210_2_simki_sostoyanie_novogo_telefona_1859275549
Смартфон HTC Wildfire S Rus,1 000  ₽,Лухмановская,https://www.avito.ru/moskva/telefony/smartfon_htc_wildfire_s_rus_1915549069
HTC,2 000  ₽,Жулебино,https://www.avito.ru/moskva/telefony/htc_1002140743
Телефон HTC,200  ₽,Домодедовская,https://www.avito.ru/moskva/telefony/telefon_htc_1857409840
HTC Desire 616,200  ₽,Некрасовка,https://www.avito.ru/moskva/telefony/htc_desire_616_1874276042
Htc 8x запчпсти,1 000  ₽,Тушинская,https://www.avito.ru/moskva/telefony/htc_8x_zapchpsti_1170819898
"HTC,SAMSUNG,Nokia,Sony,Philips,Lenovo бамперы чехл",200  ₽,Библиотека им. Ленина,https://www.avito.ru/moskva/telefony/htcsamsungnokiasonyphilipslenovo_bampery_chehl_1723415876
Телефон HTC one m9 на запчасти,3 000  ₽,Тушинская,https://www.avito.ru/moskva/telefony/telefon_htc_one_m9_na_zapchasti_1874547899
Продаю телефон HTC,1 100  ₽,Водный стадион,https://www.avito.ru/moskva/telefony/prodayu_telefon_htc_1011351077
HTC,1 000  ₽,Бунинская аллея,https://www.avito.ru/moskva/telefony/htc_1015949755
HTC,500  ₽,Селигерская,https://www.avito.ru/moskva/telefony/htc_645169845
HTC Sensation Z710e,499  ₽,Новоясеневская,https://www.avito.ru/moskva/telefony/htc_sensation_z710e_1871782325
HTC One X на запчасти,2 500  ₽,Петровско-Разумовская,https://www.avito.ru/moskva/telefony/htc_one_x_na_zapchasti_1000724246
Аккумулятор HTC Desire 500/One SV (HTC BM60100),500  ₽,Савеловская,https://www.avito.ru/moskva/telefony/akkumulyator_htc_desire_500one_sv_htc_bm60100_775634781
HTC U19e 6/128,18 000  ₽,Кунцевская,https://www.avito.ru/moskva/telefony/htc_u19e_6128_1879328053
Телефон HTC One m7,2 500  ₽,Новокосино,https://www.avito.ru/moskva/telefony/telefon_htc_one_m7_1906724420
Телефон HTC One X,2 000  ₽,Царицыно,https://www.avito.ru/moskva/telefony/telefon_htc_one_x_1887388333
Смартфон HTC Wildfire E (2019),5 000  ₽,Октябрьское поле,https://www.avito.ru/moskva/telefony/smartfon_htc_wildfire_e_2019_1802334504
Телефон HTC One M8 в очень хорошем состоянии,5 000  ₽,Первомайская,https://www.avito.ru/moskva/telefony/telefon_htc_one_m8_v_ochen_horoshem_sostoyanii_1877079556
HTC Desire S,1 500  ₽,Перово,https://www.avito.ru/moskva/telefony/htc_desire_s_1876337696
Аккумулятор HTC Desire V/HTC Desire X (BL11100),500  ₽,Савеловская,https://www.avito.ru/moskva/telefony/akkumulyator_htc_desire_vhtc_desire_x_bl11100_775476820
Htc one m7 DualSim,2 000  ₽,Кунцевская,https://www.avito.ru/moskva/telefony/htc_one_m7_dualsim_1913040690
HTC,500  ₽,Семеновская,https://www.avito.ru/moskva/telefony/htc_1900538975
Телефон HTC One E9 plus dual sim,11 500  ₽,Киевская,https://www.avito.ru/moskva/telefony/telefon_htc_one_e9_plus_dual_sim_1901776367
HTC ONE,500  ₽,Хорошево,https://www.avito.ru/moskva/telefony/htc_one_1836003458
Ориг. задняя крышка htc One mini M4601s 601n 601e,1 500  ₽,Тимирязевская,https://www.avito.ru/moskva/telefony/orig._zadnyaya_kryshka_htc_one_mini_m4601s_601n_601e_950616650
Телефон HTC Gratia A6380,1 500  ₽,Солнцево,https://www.avito.ru/moskva/telefony/telefon_htc_gratia_a6380_1834211479
Htc m10,6 900  ₽,Белорусская,https://www.avito.ru/moskva/telefony/htc_m10_1907638890
Телефон HTC One M9 32Gb,2 500  ₽,Медведково,https://www.avito.ru/moskva/telefony/telefon_htc_one_m9_32gb_1899610693
Аккумулятор HTC One M8/HTC One M8 Dual (B0P6B100),500  ₽,Савеловская,https://www.avito.ru/moskva/telefony/akkumulyator_htc_one_m8htc_one_m8_dual_b0p6b100_775573421
Телефон HTC,10 990  ₽,Селигерская,https://www.avito.ru/moskva/telefony/telefon_htc_1915137433
Htc one mini на з/ч,500  ₽,Некрасовка,https://www.avito.ru/moskva/telefony/htc_one_mini_na_zch_1008330305
HTC,1 500  ₽,Ленинский проспект,https://www.avito.ru/moskva/telefony/htc_1539515873
Аккумулятор HTC One M9/HTC One M9+ (HTC B0PGE100),500  ₽,Савеловская,https://www.avito.ru/moskva/telefony/akkumulyator_htc_one_m9htc_one_m9_htc_b0pge100_775577336
Аккумулятор HTC Desire 728/HTC One E9 (B0PJX100),500  ₽,Савеловская,https://www.avito.ru/moskva/telefony/akkumulyator_htc_desire_728htc_one_e9_b0pjx100_775656326
HTC Desire 610,800  ₽,Марьино,https://www.avito.ru/moskva/telefony/htc_desire_610_1872577035
HTC,1 000  ₽,Улица Старокачаловская,https://www.avito.ru/moskva/telefony/htc_1402931187
Htc gratia a6380 (не побитый в отличном состоянии),1 500  ₽,Тушинская,https://www.avito.ru/moskva/telefony/htc_gratia_a6380_ne_pobityy_v_otlichnom_sostoyanii_1808231190
HTC e9 plus dual,4 000  ₽,Площадь революции,https://www.avito.ru/moskva/telefony/htc_e9_plus_dual_1831190878
HTC sensation z710e,1 500  ₽,Ясенево,https://www.avito.ru/moskva/telefony/htc_sensation_z710e_1872868770
HTC Desire 300,1 500  ₽,Новокосино,https://www.avito.ru/moskva/telefony/htc_desire_300_1333335691
Смартфон HTC Sensation XE,2 500  ₽,Новокосино,https://www.avito.ru/moskva/telefony/smartfon_htc_sensation_xe_1548532711
HTC U12+ (6/128 Gb) Black обмен,25 990  ₽,Рязанский проспект,https://www.avito.ru/moskva/telefony/htc_u12_6128_gb_black_obmen_1912360383
HTC Desire A8181,500  ₽,Саларьево,https://www.avito.ru/moskva/telefony/htc_desire_a8181_1890789012
HTC one m7 32 gb,2 500  ₽,Саларьево,https://www.avito.ru/moskva/telefony/htc_one_m7_32_gb_1890194128
HTC U Play,6 000  ₽,Войковская,https://www.avito.ru/moskva/telefony/htc_u_play_1876394107
Телефон Htc One,1 000  ₽,Тушинская,https://www.avito.ru/moskva/telefony/telefon_htc_one_1914169253
Телефон HTC,1 200  ₽,Бауманская,https://www.avito.ru/moskva/telefony/telefon_htc_1899460232
HTC Titan,2 000  ₽,Бульвар адмирала Ушакова,https://www.avito.ru/moskva/telefony/htc_titan_1804785408
Телефон HTC T510,4 000  ₽,Шоссе Энтузиастов,https://www.avito.ru/moskva/telefony/telefon_htc_t510_1586794447
"HTC Desire 210 2 симки, состояние нового телефона",2 000  ₽,Рязанский проспект,https://www.avito.ru/moskva/telefony/htc_desire_210_2_simki_sostoyanie_novogo_telefona_1859275549
Смартфон HTC Wildfire S Rus,1 000  ₽,Лухмановская,https://www.avito.ru/moskva/telefony/smartfon_htc_wildfire_s_rus_1915549069
HTC,2 000  ₽,Жулебино,https://www.avito.ru/moskva/telefony/htc_1002140743
Телефон HTC,200  ₽,Домодедовская,https://www.avito.ru/moskva/telefony/telefon_htc_1857409840
HTC Desire 616,200  ₽,Некрасовка,https://www.avito.ru/moskva/telefony/htc_desire_616_1874276042
Htc 8x запчпсти,1 000  ₽,Тушинская,https://www.avito.ru/moskva/telefony/htc_8x_zapchpsti_1170819898
"HTC,SAMSUNG,Nokia,Sony,Philips,Lenovo бамперы чехл",200  ₽,Библиотека им. Ленина,https://www.avito.ru/moskva/telefony/htcsamsungnokiasonyphilipslenovo_bampery_chehl_1723415876
Телефон HTC one m9 на запчасти,3 000  ₽,Тушинская,https://www.avito.ru/moskva/telefony/telefon_htc_one_m9_na_zapchasti_1874547899
Продаю телефон HTC,1 100  ₽,Водный стадион,https://www.avito.ru/moskva/telefony/prodayu_telefon_htc_1011351077
HTC,1 000  ₽,Бунинская аллея,https://www.avito.ru/moskva/telefony/htc_1015949755
HTC,500  ₽,Селигерская,https://www.avito.ru/moskva/telefony/htc_645169845
HTC Sensation Z710e,499  ₽,Новоясеневская,https://www.avito.ru/moskva/telefony/htc_sensation_z710e_1871782325
HTC One X на запчасти,2 500  ₽,Петровско-Разумовская,https://www.avito.ru/moskva/telefony/htc_one_x_na_zapchasti_1000724246
Аккумулятор HTC Desire 500/One SV (HTC BM60100),500  ₽,Савеловская,https://www.avito.ru/moskva/telefony/akkumulyator_htc_desire_500one_sv_htc_bm60100_775634781
HTC U19e 6/128,18 000  ₽,Кунцевская,https://www.avito.ru/moskva/telefony/htc_u19e_6128_1879328053
Телефон HTC One m7,2 500  ₽,Новокосино,https://www.avito.ru/moskva/telefony/telefon_htc_one_m7_1906724420
Телефон HTC One X,2 000  ₽,Царицыно,https://www.avito.ru/moskva/telefony/telefon_htc_one_x_1887388333
Смартфон HTC Wildfire E (2019),5 000  ₽,Октябрьское поле,https://www.avito.ru/moskva/telefony/smartfon_htc_wildfire_e_2019_1802334504
Телефон HTC One M8 в очень хорошем состоянии,5 000  ₽,Первомайская,https://www.avito.ru/moskva/telefony/telefon_htc_one_m8_v_ochen_horoshem_sostoyanii_1877079556
HTC Desire S,1 500  ₽,Перово,https://www.avito.ru/moskva/telefony/htc_desire_s_1876337696
Аккумулятор HTC Desire V/HTC Desire X (BL11100),500  ₽,Савеловская,https://www.avito.ru/moskva/telefony/akkumulyator_htc_desire_vhtc_desire_x_bl11100_775476820
Htc one m7 DualSim,2 000  ₽,Кунцевская,https://www.avito.ru/moskva/telefony/htc_one_m7_dualsim_1913040690
HTC,500  ₽,Семеновская,https://www.avito.ru/moskva/telefony/htc_1900538975
Телефон HTC One E9 plus dual sim,11 500  ₽,Киевская,https://www.avito.ru/moskva/telefony/telefon_htc_one_e9_plus_dual_sim_1901776367
HTC ONE,500  ₽,Хорошево,https://www.avito.ru/moskva/telefony/htc_one_1836003458
Ориг. задняя крышка htc One mini M4601s 601n 601e,1 500  ₽,Тимирязевская,https://www.avito.ru/moskva/telefony/orig._zadnyaya_kryshka_htc_one_mini_m4601s_601n_601e_950616650
Телефон HTC Gratia A6380,1 500  ₽,Солнцево,https://www.avito.ru/moskva/telefony/telefon_htc_gratia_a6380_1834211479
Htc m10,6 900  ₽,Белорусская,https://www.avito.ru/moskva/telefony/htc_m10_1907638890
Телефон HTC One M9 32Gb,2 500  ₽,Медведково,https://www.avito.ru/moskva/telefony/telefon_htc_one_m9_32gb_1899610693
Аккумулятор HTC One M8/HTC One M8 Dual (B0P6B100),500  ₽,Савеловская,https://www.avito.ru/moskva/telefony/akkumulyator_htc_one_m8htc_one_m8_dual_b0p6b100_775573421
Телефон HTC,10 990  ₽,Селигерская,https://www.avito.ru/moskva/telefony/telefon_htc_1915137433
Htc one mini на з/ч,500  ₽,Некрасовка,https://www.avito.ru/moskva/telefony/htc_one_mini_na_zch_1008330305
HTC,1 500  ₽,Ленинский проспект,https://www.avito.ru/moskva/telefony/htc_1539515873
Аккумулятор HTC One M9/HTC One M9+ (HTC B0PGE100),500  ₽,Савеловская,https://www.avito.ru/moskva/telefony/akkumulyator_htc_one_m9htc_one_m9_htc_b0pge100_775577336
Аккумулятор HTC Desire 728/HTC One E9 (B0PJX100),500  ₽,Савеловская,https://www.avito.ru/moskva/telefony/akkumulyator_htc_desire_728htc_one_e9_b0pjx100_775656326
HTC Desire 610,800  ₽,Марьино,https://www.avito.ru/moskva/telefony/htc_desire_610_1872577035
HTC,1 000  ₽,Улица Старокачаловская,https://www.avito.ru/moskva/telefony/htc_1402931187
Htc gratia a6380 (не побитый в отличном состоянии),1 500  ₽,Тушинская,https://www.avito.ru/moskva/telefony/htc_gratia_a6380_ne_pobityy_v_otlichnom_sostoyanii_1808231190
HTC e9 plus dual,4 000  ₽,Площадь революции,https://www.avito.ru/moskva/telefony/htc_e9_plus_dual_1831190878
HTC sensation z710e,1 500  ₽,Ясенево,https://www.avito.ru/moskva/telefony/htc_sensation_z710e_1872868770
HTC Desire 300,1 500  ₽,Новокосино,https://www.avito.ru/moskva/telefony/htc_desire_300_1333335691
Смартфон HTC Sensation XE,2 500  ₽,Новокосино,https://www.avito.ru/moskva/telefony/smartfon_htc_sensation_xe_1548532711
HTC U12+ (6/128 Gb) Black обмен,25 990  ₽,Рязанский проспект,https://www.avito.ru/moskva/telefony/htc_u12_6128_gb_black_obmen_1912360383
